Roll	Name	Marks
10	Abc	12
15	Bca	15
20	Anu	14
25	Mnu	15.66666667
30	Gbc	16.66666667
35	Bad	17.66666667
40	Abd	18.66666667
